{
  "images" : [
    {
      "resizing" : {
        "mode" : "9-part",
        "center" : {
          "mode" : "tile",
          "width" : 1,
          "height" : 1
        },
        "cap-insets" : {
          "bottom" : 14,
          "top" : 14,
          "right" : 14,
          "left" : 14
        }
      },
      "idiom" : "watch",
      "filename" : "40.png",
      "screen-width" : "<=145",
      "scale" : "2x"
    },
    {
      "idiom" : "watch",
      "filename" : "44.png",
      "screen-width" : ">145",
      "scale" : "2x"
    }
  ],
  "info" : {
    "version" : 1,
    "author" : "xcode"
  }
}